"shipping_id","shipping_date","seller_name","city","zipcode","kode_resi"
9029,"2022-12-01","K2 Official Store","Jakarta Selatan",17216,"90292022-11-302022-12-012022-12-017242"
9230,"2022-12-01","VQ TECHNOLOGY","Jakarta Pusat",15476,"92302022-11-282022-12-012022-12-011461"
9102,"2022-12-01","Kastil Drakula","Sumatera Utara",16887,"91022022-11-292022-12-012022-12-011184"
9094,"2022-12-01","X-Urband Official","Jakarta Selatan",15432,"90942022-11-292022-12-012022-12-0133124"
9046,"2022-12-01","KoboiTech","Jakarta Pusat",15472,"90462022-11-292022-12-012022-12-019574"
9270,"2022-12-01","Agenjaketbandung","Jakarta Selatan",16710,"92702022-11-302022-12-012022-12-01103125"
9047,"2022-12-01","lapak atk","Kota Pasuruan",16072,"90472022-11-292022-12-012022-12-012292"
9335,"2022-12-01","Aksesmandiri.ID","Kota Solo",15213,"93352022-11-302022-12-012022-12-015277"
9401,"2022-12-01","erjucom","Jakarta Utara",16681,"94012022-11-282022-12-012022-12-018914"
9532,"2022-12-01","Putra Jaya 88","Jakarta Utara",15174,"95322022-11-282022-12-012022-12-017513"
9539,"2022-12-01","Setia Mandiri Elektronik","Jakarta Selatan",15744,"95392022-11-282022-12-012022-12-019941"
9622,"2022-12-01","Sangkilco","Jakarta Barat",16588,"96222022-11-302022-12-012022-12-0114117"
9200,"2022-12-01","Multi jaya 31","Jakarta Selatan",17233,"92002022-11-282022-12-012022-12-01830"
9660,"2022-12-02","Agenjaketbandung","Jakarta Selatan",16710,"96602022-12-012022-12-022022-12-0210125"
9077,"2022-12-02","Electron","Jakarta Pusat",15353,"90772022-11-302022-12-022022-12-023873"
9607,"2022-12-02","Indah Jaya Tools","Jakarta Selatan",15636,"96072022-11-292022-12-022022-12-027320"
9099,"2022-12-02","K2 Official Store","Jakarta Selatan",17216,"90992022-11-302022-12-022022-12-0211442"
9609,"2022-12-02","Livehaf Official","Sumatera Utara",16421,"96092022-11-302022-12-022022-12-0234123"
10870,"2022-12-02","Ailive Store","Kota Pasuruan",17022,"108702022-12-012022-12-022022-12-02929"
8776,"2022-12-02","ZenLiving","Kota Bandung",16858,"87762022-11-292022-12-022022-12-0210744"
10681,"2022-12-02","YLV Smart Home","Jakarta Pusat",16563,"106812022-12-012022-12-022022-12-027695"
9857,"2022-12-02","USFA-STORE","Kota Solo",15494,"98572022-12-012022-12-022022-12-0220126"
10357,"2022-12-02","Proffe coffee","Jakarta Selatan",16145,"103572022-12-012022-12-022022-12-028343"
10264,"2022-12-02","Raja Stationery","Sumatera Utara",17130,"102642022-12-012022-12-022022-12-029367"
9590,"2022-12-02","Livehaf Official","Sumatera Utara",16421,"95902022-11-302022-12-022022-12-0273123"
10318,"2022-12-03","play with kiddos","Jakarta Barat",15246,"103182022-12-012022-12-032022-12-0311113"
10856,"2022-12-03","Tissor Official","Jakarta Pusat",15190,"108562022-12-022022-12-032022-12-0312762"
9822,"2022-12-03","Quantum Home Appliances","Jakarta Selatan",16266,"98222022-12-012022-12-032022-12-037518"
9515,"2022-12-03","Deli office automative","Kota Bandung",17147,"95152022-11-302022-12-032022-12-036564"
9618,"2022-12-03","Deli Stationery","Kota Sorong",17104,"96182022-11-302022-12-032022-12-0310956"
10502,"2022-12-03","Quantum Home Appliances","Jakarta Selatan",16266,"105022022-12-022022-12-032022-12-032718"
11040,"2022-12-03","Belanja Elektronik","Jakarta Barat",15683,"110402022-12-012022-12-032022-12-031088"
10207,"2022-12-03","T & W","Jakarta Pusat",16675,"102072022-12-022022-12-032022-12-0310453"
10165,"2022-12-03","Tentronics","Jakarta Pusat",15502,"101652022-12-022022-12-032022-12-0310854"
9916,"2022-12-03","Glodok Shop Elektronik","Kota Bandung",16297,"99162022-12-022022-12-032022-12-034671"
9914,"2022-12-03","erjucom","Jakarta Utara",16681,"99142022-12-022022-12-032022-12-0311714"
9895,"2022-12-03","KoboiTech","Jakarta Pusat",15472,"98952022-12-012022-12-032022-12-034174"
9299,"2022-12-03","Rumahku Official","Jakarta Selatan",16591,"92992022-11-302022-12-032022-12-0311123"
10000,"2022-12-03","Tissor Official","Jakarta Pusat",15190,"100002022-12-012022-12-032022-12-037262"
9132,"2022-12-03","Setia Mandiri Elektronik","Jakarta Selatan",15744,"91322022-11-302022-12-032022-12-037341"
10805,"2022-12-03","PINZY Official Store","Kota Bandung",16576,"108052022-12-022022-12-032022-12-035811"
11029,"2022-12-04","Satu Elektronik","Kota Bandung",16999,"110292022-12-032022-12-042022-12-0410825"
10613,"2022-12-04","lbagstore","Jakarta Utara",16147,"106132022-12-032022-12-042022-12-045310"
9800,"2022-12-04","SUN INDONESIA","Jakarta Selatan",17100,"98002022-12-022022-12-042022-12-045383"
9729,"2022-12-04","Putra Jaya 88","Jakarta Utara",15174,"97292022-12-022022-12-042022-12-048013"
10936,"2022-12-04","Deli Stationery","Kota Sorong",17104,"109362022-12-022022-12-042022-12-049556"
10242,"2022-12-04","Tissor Official","Jakarta Pusat",15190,"102422022-12-032022-12-042022-12-04762"
9882,"2022-12-04","Zazah Queen","Jakarta Selatan",15536,"98822022-12-012022-12-042022-12-048827"
10576,"2022-12-04","Toko Armada Satu","Kota Pasuruan",16687,"105762022-12-022022-12-042022-12-0476127"
10508,"2022-12-04","Maslinda Store","Jakarta Pusat",17037,"105082022-12-022022-12-042022-12-043579"
10868,"2022-12-04","Deli Stationery","Kota Sorong",17104,"108682022-12-032022-12-042022-12-041056"
10955,"2022-12-05","Zazah Queen","Jakarta Selatan",15536,"109552022-12-042022-12-052022-12-055227"
10853,"2022-12-05","GrafikaKita - Tech Official Jakarta","Jakarta Pusat",16277,"108532022-12-042022-12-052022-12-059687"
10046,"2022-12-05","happymartonline","Sumatera Utara",16555,"100462022-12-022022-12-052022-12-051249"
10800,"2022-12-05","Belanja Elektronik","Jakarta Barat",15683,"108002022-12-032022-12-052022-12-0558"
10559,"2022-12-05","Goto Living","Jakarta Selatan",16045,"105592022-12-032022-12-052022-12-058736"
10176,"2022-12-05","LUXEWARES","Jakarta Selatan",15173,"101762022-12-022022-12-052022-12-055819"
11099,"2022-12-05","JOYKO Official","Jakarta Pusat",17176,"110992022-12-032022-12-052022-12-054999"
10563,"2022-12-05","Lsean","Kota Pasuruan",17038,"105632022-12-042022-12-052022-12-052834"
9680,"2022-12-05","House of Smith Official","Jakarta Barat",17273,"96802022-12-022022-12-052022-12-0540118"
9977,"2022-12-05","Belanja Elektronik","Jakarta Barat",15683,"99772022-12-042022-12-052022-12-05188"
10571,"2022-12-05","erjucom","Jakarta Utara",16681,"105712022-12-042022-12-052022-12-0510514"
9961,"2022-12-05","SORU Indonesia","Kota Bandung",16263,"99612022-12-032022-12-052022-12-05243"
10244,"2022-12-05","X-Urband Official","Jakarta Selatan",15432,"102442022-12-042022-12-052022-12-0517124"
10733,"2022-12-05","Rumahku Official","Jakarta Selatan",16591,"107332022-12-042022-12-052022-12-056923"
10059,"2022-12-05","X-Urband Official","Jakarta Selatan",15432,"100592022-12-032022-12-052022-12-0571124"
10440,"2022-12-05","SORU Indonesia","Kota Bandung",16263,"104402022-12-022022-12-052022-12-05323"
10335,"2022-12-05","Miisoo Official Shop","Jakarta Barat",16844,"103352022-12-022022-12-052022-12-05165"
10635,"2022-12-05","Water.Online.Shop","Jakarta Pusat",15391,"106352022-12-032022-12-052022-12-054355"
10909,"2022-12-05","Lalulaku","Jakarta Barat",16456,"109092022-12-022022-12-052022-12-05566"
10799,"2022-12-05","Tissor Official","Jakarta Pusat",15190,"107992022-12-022022-12-052022-12-052862"
10647,"2022-12-05","CrafTex","Jakarta Barat",17224,"106472022-12-032022-12-052022-12-05116114"
10290,"2022-12-05","Dear Meee","Jakarta Pusat",16250,"102902022-12-042022-12-052022-12-057452"
10839,"2022-12-05","Freestyle-Official","Jakarta Barat",16577,"108392022-12-032022-12-052022-12-0537119"
10026,"2022-12-06","Putra Jaya 88","Jakarta Utara",15174,"100262022-12-052022-12-062022-12-067813"
10472,"2022-12-06","MR12 Office","Jakarta Pusat",15415,"104722022-12-032022-12-062022-12-0622103"
10066,"2022-12-06","sahabatmulya74","Jakarta Pusat",15758,"100662022-12-042022-12-062022-12-0640107"
10247,"2022-12-06","Livehaf Official","Sumatera Utara",16421,"102472022-12-032022-12-062022-12-0628123"
9693,"2022-12-06","X-Urband Official","Jakarta Selatan",15432,"96932022-12-042022-12-062022-12-0659124"
9768,"2022-12-06","Miisoo Official Shop","Jakarta Barat",16844,"97682022-12-052022-12-062022-12-06365"
10298,"2022-12-06","JOYKO Official","Jakarta Pusat",17176,"102982022-12-052022-12-062022-12-067199"
10884,"2022-12-06","Livehaf Official","Sumatera Utara",16421,"108842022-12-042022-12-062022-12-0634123"
9820,"2022-12-06","Livehaf Official","Sumatera Utara",16421,"98202022-12-052022-12-062022-12-0672123"
9841,"2022-12-06","Rumix","Jakarta Pusat",17224,"98412022-12-032022-12-062022-12-065363"
9859,"2022-12-06","Baseus Official Store","Jakarta Pusat",16429,"98592022-12-052022-12-062022-12-069665"
9873,"2022-12-06","Proffe coffee","Jakarta Selatan",16145,"98732022-12-052022-12-062022-12-069743"
10688,"2022-12-06","Aerostreet","Jakarta Barat",15719,"106882022-12-052022-12-062022-12-06125120"
10640,"2022-12-06","DELTONS Official Store","Jakarta Pusat",17050,"106402022-12-042022-12-062022-12-063894"
9962,"2022-12-06","Livehaf Official","Sumatera Utara",16421,"99622022-12-042022-12-062022-12-0640123"
10366,"2022-12-06","Aerostreet","Jakarta Barat",15719,"103662022-12-042022-12-062022-12-0651120"
10100,"2022-12-06","UTAMA_ELECTRONIC","Jakarta Utara",15394,"101002022-12-042022-12-062022-12-0610112"
10928,"2022-12-07","FZR3","Jakarta Barat",15841,"109282022-12-052022-12-072022-12-07126116"
10211,"2022-12-07","Livehaf Official","Sumatera Utara",16421,"102112022-12-042022-12-072022-12-0759123"
10319,"2022-12-07","JOYKO Official","Jakarta Pusat",17176,"103192022-12-062022-12-072022-12-072999"
9843,"2022-12-07","Quantum Home Appliances","Jakarta Selatan",16266,"98432022-12-052022-12-072022-12-076918"
10060,"2022-12-07","aldiano22 shop","Jakarta Pusat",16239,"100602022-12-052022-12-072022-12-0710788"
10107,"2022-12-07","Deli office automative","Kota Bandung",17147,"101072022-12-042022-12-072022-12-076864"
10179,"2022-12-07","Deli office automative","Kota Bandung",17147,"101792022-12-062022-12-072022-12-071364"
10201,"2022-12-07","play with kiddos","Jakarta Barat",15246,"102012022-12-052022-12-072022-12-0777113"
10035,"2022-12-07","Livehaf Official","Sumatera Utara",16421,"100352022-12-052022-12-072022-12-07127123"
10954,"2022-12-07","Livehaf Official","Sumatera Utara",16421,"109542022-12-052022-12-072022-12-0775123"
9903,"2022-12-07","ChinaTown","Jakarta Selatan",15258,"99032022-12-062022-12-072022-12-071238"
9861,"2022-12-07","lapak atk","Kota Pasuruan",16072,"98612022-12-062022-12-072022-12-073592"
10994,"2022-12-07","Quantum Home Appliances","Jakarta Selatan",16266,"109942022-12-062022-12-072022-12-075518"
10085,"2022-12-07","Razient","Jakarta Barat",17159,"100852022-12-052022-12-072022-12-0771112"
11001,"2022-12-07","House of Smith Official","Jakarta Barat",17273,"110012022-12-042022-12-072022-12-0736118"
10314,"2022-12-07","Glodok Shop Elektronik","Kota Bandung",16297,"103142022-12-052022-12-072022-12-078371"
9720,"2022-12-07","SORU Indonesia","Kota Bandung",16263,"97202022-12-052022-12-072022-12-071053"
10013,"2022-12-07","SANSAN_TOOLS","Jakarta Pusat",16516,"100132022-12-052022-12-072022-12-073051"
9942,"2022-12-07","MAP.Store","Jakarta Pusat",16339,"99422022-12-052022-12-072022-12-0710549"
10775,"2022-12-08","PINZY Official Store","Kota Bandung",16576,"107752022-12-052022-12-082022-12-087711"
10904,"2022-12-08","SORU Indonesia","Kota Bandung",16263,"109042022-12-062022-12-082022-12-08713"
9853,"2022-12-08","play with kiddos","Jakarta Barat",15246,"98532022-12-062022-12-082022-12-089113"
9988,"2022-12-08","Graha Printing","Jakarta Selatan",16647,"99882022-12-072022-12-082022-12-0811882"
10164,"2022-12-08","vesper","Jakarta Selatan",15339,"101642022-12-062022-12-082022-12-083621"
11017,"2022-12-08","X-Urband Official","Jakarta Selatan",15432,"110172022-12-052022-12-082022-12-0858124"
10968,"2022-12-08","KremlinOfficial","Jakarta Selatan",16882,"109682022-12-062022-12-082022-12-08107122"
10659,"2022-12-08","SUN INDONESIA","Jakarta Selatan",17100,"106592022-12-072022-12-082022-12-081183"
10373,"2022-12-08","DELTONS Official Store","Jakarta Pusat",17050,"103732022-12-062022-12-082022-12-084294"
10355,"2022-12-08","AINUN17 SHOP","Kota Bandung",17151,"103552022-12-072022-12-082022-12-082472"
10024,"2022-12-08","play with kiddos","Jakarta Barat",15246,"100242022-12-052022-12-082022-12-0826113"
10499,"2022-12-08","Kastil Drakula","Sumatera Utara",16887,"104992022-12-062022-12-082022-12-0810384"
11093,"2022-12-08","X-Urband Official","Jakarta Selatan",15432,"110932022-12-062022-12-082022-12-0843124"
9656,"2022-12-08","PINZY Official Store","Kota Bandung",16576,"96562022-12-072022-12-082022-12-0812211"
10121,"2022-12-08","lbagstore","Jakarta Utara",16147,"101212022-12-072022-12-082022-12-085710"
10525,"2022-12-08","Belanja Elektronik","Jakarta Barat",15683,"105252022-12-052022-12-082022-12-081188"
10001,"2022-12-08","KremlinOfficial","Jakarta Selatan",16882,"100012022-12-052022-12-082022-12-0893122"
11012,"2022-12-08","Lancar Jaya Store","Jakarta Pusat",17010,"110122022-12-052022-12-082022-12-083778"
10695,"2022-12-08","Solusi Fingerprint","Jakarta Pusat",15640,"106952022-12-052022-12-082022-12-088966"
10077,"2022-12-08","Livehaf Official","Sumatera Utara",16421,"100772022-12-062022-12-082022-12-0856123"
10346,"2022-12-09","Agenjaketbandung","Jakarta Selatan",16710,"103462022-12-072022-12-092022-12-0917125"
10004,"2022-12-09","PINZY Official Store","Kota Bandung",16576,"100042022-12-082022-12-092022-12-095711"
10144,"2022-12-09","Agenjaketbandung","Jakarta Selatan",16710,"101442022-12-072022-12-092022-12-095125"
10761,"2022-12-09","Deli Stationery","Kota Sorong",17104,"107612022-12-072022-12-092022-12-094856"
9868,"2022-12-09","lbagstore","Jakarta Utara",16147,"98682022-12-072022-12-092022-12-095710"
10240,"2022-12-09","Deli office automative","Kota Bandung",17147,"102402022-12-082022-12-092022-12-097464"
10947,"2022-12-09","aldiano22 shop","Jakarta Pusat",16239,"109472022-12-062022-12-092022-12-092688"
9898,"2022-12-09","Deli Stationery","Kota Sorong",17104,"98982022-12-082022-12-092022-12-097456"
10282,"2022-12-09","JOYKO Official","Jakarta Pusat",17176,"102822022-12-082022-12-092022-12-092399"
10485,"2022-12-09","ES Official Store","Kota Bandung",17064,"104852022-12-082022-12-092022-12-092324"
9925,"2022-12-09","VICTORY FILTER16","Sumatera Utara",15934,"99252022-12-062022-12-092022-12-091141"
9941,"2022-12-09","Health&Beauty Solution","Jakarta Selatan",16965,"99412022-12-072022-12-092022-12-09286"
10877,"2022-12-09","Lancar Jaya Store","Jakarta Pusat",17010,"108772022-12-072022-12-092022-12-09378"
10582,"2022-12-09","UTAMA_ELECTRONIC","Jakarta Utara",15394,"105822022-12-082022-12-092022-12-092512"
10174,"2022-12-09","SANSAN_TOOLS","Jakarta Pusat",16516,"101742022-12-062022-12-092022-12-093151"
10562,"2022-12-09","LUXEWARES","Jakarta Selatan",15173,"105622022-12-082022-12-092022-12-097319"
10549,"2022-12-09","HNA-houseware","Jakarta Pusat",15341,"105492022-12-082022-12-092022-12-097150"
10419,"2022-12-09","AINUN17 SHOP","Kota Bandung",17151,"104192022-12-072022-12-092022-12-092972"
10041,"2022-12-09","officeXpres","Jakarta Pusat",16450,"100412022-12-072022-12-092022-12-099496"
10080,"2022-12-09","Deli office automative","Kota Bandung",17147,"100802022-12-072022-12-092022-12-098264"
10827,"2022-12-09","Hi-Cook Official","Jakarta Selatan",16702,"108272022-12-082022-12-092022-12-09935"
9846,"2022-12-09","play with kiddos","Jakarta Barat",15246,"98462022-12-072022-12-092022-12-09102113"
10133,"2022-12-09","Quantum Home Appliances","Jakarta Selatan",16266,"101332022-12-062022-12-092022-12-0911518"
10823,"2022-12-09","Setia Mandiri Elektronik","Jakarta Selatan",15744,"108232022-12-082022-12-092022-12-096341"
10604,"2022-12-10","CrafTex","Jakarta Barat",17224,"106042022-12-092022-12-102022-12-1044114"
11015,"2022-12-10","X-Urband Official","Jakarta Selatan",15432,"110152022-12-082022-12-102022-12-10103124"
10334,"2022-12-10","VICTORY FILTER16","Sumatera Utara",15934,"103342022-12-072022-12-102022-12-10511"
10707,"2022-12-10","Aerostreet","Jakarta Barat",15719,"107072022-12-092022-12-102022-12-10102120"
10641,"2022-12-10","AppShoppe","Kota Pasuruan",15430,"106412022-12-082022-12-102022-12-1012090"
10441,"2022-12-10","Raja Stationery","Sumatera Utara",17130,"104412022-12-072022-12-102022-12-105367"
10822,"2022-12-10","Toko Armada Satu","Kota Pasuruan",16687,"108222022-12-082022-12-102022-12-1025127"
10297,"2022-12-10","House of Smith Official","Jakarta Barat",17273,"102972022-12-092022-12-102022-12-1094118"
9665,"2022-12-10","DELTONS Official Store","Jakarta Pusat",17050,"96652022-12-072022-12-102022-12-104194"
9679,"2022-12-10","Oxihom","Jakarta Utara",16276,"96792022-12-072022-12-102022-12-104315"
10910,"2022-12-10","Deli office automative","Kota Bandung",17147,"109102022-12-072022-12-102022-12-101564"
11095,"2022-12-10","PINZY Official Store","Kota Bandung",16576,"110952022-12-082022-12-102022-12-108811"
10548,"2022-12-10","lbagstore","Jakarta Utara",16147,"105482022-12-072022-12-102022-12-107710"
11059,"2022-12-10","lbagstore","Jakarta Utara",16147,"110592022-12-082022-12-102022-12-1011210"
11041,"2022-12-10","X-Urband Official","Jakarta Selatan",15432,"110412022-12-072022-12-102022-12-1036124"
9955,"2022-12-10","Proffe coffee","Jakarta Selatan",16145,"99552022-12-082022-12-102022-12-105843"
9923,"2022-12-11","Health&Beauty Solution","Jakarta Selatan",16965,"99232022-12-082022-12-112022-12-114386"
10200,"2022-12-11","PINZY Official Store","Kota Bandung",16576,"102002022-12-102022-12-112022-12-1110711"
9771,"2022-12-11","SEDANA AMERTA","Jakarta Pusat",17209,"97712022-12-102022-12-112022-12-117658"
9813,"2022-12-11","Waroeng Bako Depok","Jakarta Pusat",17061,"98132022-12-092022-12-112022-12-11100101"
10756,"2022-12-11","aldiano22 shop","Jakarta Pusat",16239,"107562022-12-102022-12-112022-12-1112188"
10706,"2022-12-11","Putra Jaya 88","Jakarta Utara",15174,"107062022-12-092022-12-112022-12-119913"
10685,"2022-12-11","Livehaf Official","Sumatera Utara",16421,"106852022-12-092022-12-112022-12-1125123"
10606,"2022-12-11","X-Urband Official","Jakarta Selatan",15432,"106062022-12-092022-12-112022-12-1114124"
10581,"2022-12-11","DELTONS Official Store","Jakarta Pusat",17050,"105812022-12-082022-12-112022-12-1111594"
10578,"2022-12-11","Gardha Komputer","Jakarta Selatan",16820,"105782022-12-102022-12-112022-12-112985"
10551,"2022-12-11","play with kiddos","Jakarta Barat",15246,"105512022-12-082022-12-112022-12-1177113"
10519,"2022-12-11","Belanja Elektronik","Jakarta Barat",15683,"105192022-12-082022-12-112022-12-11728"
10471,"2022-12-11","Putra Jaya 88","Jakarta Utara",15174,"104712022-12-082022-12-112022-12-113813"
10438,"2022-12-11","erjucom","Jakarta Utara",16681,"104382022-12-102022-12-112022-12-115114"
10427,"2022-12-11","SORU Indonesia","Kota Bandung",16263,"104272022-12-092022-12-112022-12-111053"
10405,"2022-12-11","K2 Official Store","Jakarta Selatan",17216,"104052022-12-092022-12-112022-12-116842"
10362,"2022-12-11","Putra Jaya 88","Jakarta Utara",15174,"103622022-12-082022-12-112022-12-111413"
10329,"2022-12-11","erjucom","Jakarta Utara",16681,"103292022-12-102022-12-112022-12-117414"
10303,"2022-12-11","play with kiddos","Jakarta Barat",15246,"103032022-12-102022-12-112022-12-1159113"
10291,"2022-12-11","officeXpres","Jakarta Pusat",16450,"102912022-12-082022-12-112022-12-114296"
10265,"2022-12-11","Agenjaketbandung","Jakarta Selatan",16710,"102652022-12-092022-12-112022-12-1137125"
10258,"2022-12-11","Goto Living","Jakarta Selatan",16045,"102582022-12-092022-12-112022-12-118236"
10257,"2022-12-11","Eroc Official Store","Jakarta Pusat",15285,"102572022-12-082022-12-112022-12-1112059"
10087,"2022-12-12","SARANG ACC shop","Jakarta Pusat",16825,"100872022-12-112022-12-122022-12-126770"
10523,"2022-12-12","Kastil Drakula","Sumatera Utara",16887,"105232022-12-092022-12-122022-12-122784"
10542,"2022-12-12","CrafTex","Jakarta Barat",17224,"105422022-12-102022-12-122022-12-1264114"
10572,"2022-12-12","Zazah Queen","Jakarta Selatan",15536,"105722022-12-112022-12-122022-12-12627"
9937,"2022-12-12","Starco Official Store","Jakarta Barat",16325,"99372022-12-112022-12-122022-12-12207"
10250,"2022-12-12","Solusi Fingerprint","Jakarta Pusat",15640,"102502022-12-102022-12-122022-12-122266"
10327,"2022-12-12","Armani_collection.","Jakarta Selatan",15151,"103272022-12-112022-12-122022-12-12117121"
10708,"2022-12-12","Maxim Official Store","Jakarta Selatan",15951,"107082022-12-092022-12-122022-12-128633"
9808,"2022-12-12","lbagstore","Jakarta Utara",16147,"98082022-12-102022-12-122022-12-123610"
10906,"2022-12-12","Toko Armada Satu","Kota Pasuruan",16687,"109062022-12-092022-12-122022-12-120127"
9752,"2022-12-12","Vidi Surya Elektrik","Jakarta Pusat",16667,"97522022-12-112022-12-122022-12-121147"
10992,"2022-12-12","SARANG ACC shop","Jakarta Pusat",16825,"109922022-12-092022-12-122022-12-1211070"
9731,"2022-12-12","Belanja Elektronik","Jakarta Barat",15683,"97312022-12-102022-12-122022-12-121048"
10279,"2022-12-12","Raja Stationery","Sumatera Utara",17130,"102792022-12-092022-12-122022-12-125167"
10274,"2022-12-12","House of Smith Official","Jakarta Barat",17273,"102742022-12-102022-12-122022-12-12125118"
10204,"2022-12-12","Deli Stationery","Kota Sorong",17104,"102042022-12-112022-12-122022-12-12756"
10452,"2022-12-12","FZR3","Jakarta Barat",15841,"104522022-12-112022-12-122022-12-1228116"
10466,"2022-12-12","SEDANA AMERTA","Jakarta Pusat",17209,"104662022-12-112022-12-122022-12-1212658"
9689,"2022-12-12","PANDA RETAIL SOLUTIONS","Jakarta Pusat",16393,"96892022-12-092022-12-122022-12-1212260"
10486,"2022-12-12","Health&Beauty Solution","Jakarta Selatan",16965,"104862022-12-102022-12-122022-12-122086"
10002,"2022-12-12","ZenLiving","Kota Bandung",16858,"100022022-12-092022-12-122022-12-121644"
10081,"2022-12-12","Raja Stationery","Sumatera Utara",17130,"100812022-12-102022-12-122022-12-1212567"
10421,"2022-12-12","Lalulaku","Jakarta Barat",16456,"104212022-12-102022-12-122022-12-121166"
10896,"2022-12-13","DPRINCE","Jakarta Selatan",16483,"108962022-12-102022-12-132022-12-133122"
10304,"2022-12-13","X-Urband Official","Jakarta Selatan",15432,"103042022-12-122022-12-132022-12-1316124"
10227,"2022-12-13","TOKO BESI TIMUR JAYA","Kota Pasuruan",16529,"102272022-12-122022-12-132022-12-1310717"
11123,"2022-12-13","CrafTex","Jakarta Barat",17224,"111232022-12-122022-12-132022-12-1374114"
10924,"2022-12-13","Tentronics","Jakarta Pusat",15502,"109242022-12-102022-12-132022-12-133254"
10933,"2022-12-13","EzzyMart JAKARTA","Jakarta Selatan",17260,"109332022-12-102022-12-132022-12-135345"
9995,"2022-12-13","Belanja Elektronik","Jakarta Barat",15683,"99952022-12-122022-12-132022-12-1378"
11111,"2022-12-13","Aksesmandiri.ID","Kota Solo",15213,"111112022-12-122022-12-132022-12-1310977"
10403,"2022-12-13","snapy","Sumatera Utara",15313,"104032022-12-122022-12-132022-12-132181"
10397,"2022-12-13","Belanja Elektronik","Jakarta Barat",15683,"103972022-12-112022-12-132022-12-1398"
11127,"2022-12-13","DPRINCE","Jakarta Selatan",16483,"111272022-12-122022-12-132022-12-1310722"
10540,"2022-12-13","Solusi Fingerprint","Jakarta Pusat",15640,"105402022-12-122022-12-132022-12-1311966"
11154,"2022-12-13","Electron","Jakarta Pusat",15353,"111542022-12-122022-12-132022-12-138573"
11122,"2022-12-13","inimurah shop","Kota Solo",17056,"111222022-12-122022-12-132022-12-131276"
10570,"2022-12-13","AINUN17 SHOP","Kota Bandung",17151,"105702022-12-112022-12-132022-12-1310472"
9964,"2022-12-13","X-Urband Official","Jakarta Selatan",15432,"99642022-12-112022-12-132022-12-136124"
10113,"2022-12-13","Lalulaku","Jakarta Barat",16456,"101132022-12-112022-12-132022-12-13176"
10977,"2022-12-13","lbagstore","Jakarta Utara",16147,"109772022-12-122022-12-132022-12-131910"
10611,"2022-12-13","Saku Official","Jakarta Pusat",17067,"106112022-12-102022-12-132022-12-1356110"
10289,"2022-12-13","KoboiTech","Jakarta Pusat",15472,"102892022-12-122022-12-132022-12-139474"
10620,"2022-12-13","Quantum Home Appliances","Jakarta Selatan",16266,"106202022-12-122022-12-132022-12-131918"
11030,"2022-12-13","Kastil Drakula","Sumatera Utara",16887,"110302022-12-102022-12-132022-12-13884"
10194,"2022-12-13","sahabatmulya74","Jakarta Pusat",15758,"101942022-12-122022-12-132022-12-1326107"
10521,"2022-12-13","ChinaTown","Jakarta Selatan",15258,"105212022-12-122022-12-132022-12-1310738"
11005,"2022-12-13","KremlinOfficial","Jakarta Selatan",16882,"110052022-12-122022-12-132022-12-1343122"
10826,"2022-12-13","Dear Meee","Jakarta Pusat",16250,"108262022-12-102022-12-132022-12-133352"
10053,"2022-12-13","DELTONS Official Store","Jakarta Pusat",17050,"100532022-12-122022-12-132022-12-1310994"
10135,"2022-12-13","LUXEWARES","Jakarta Selatan",15173,"101352022-12-112022-12-132022-12-1310919"
10748,"2022-12-14","Freestyle-Official","Jakarta Barat",16577,"107482022-12-112022-12-142022-12-1498119"
9655,"2022-12-14","House of Smith Official","Jakarta Barat",17273,"96552022-12-132022-12-142022-12-1492118"
9919,"2022-12-14","Belanja Elektronik","Jakarta Barat",15683,"99192022-12-132022-12-142022-12-141158"
9984,"2022-12-14","play with kiddos","Jakarta Barat",15246,"99842022-12-132022-12-142022-12-1474113"
10037,"2022-12-14","Starco Official Store","Jakarta Barat",16325,"100372022-12-132022-12-142022-12-14607"
10153,"2022-12-14","vesper","Jakarta Selatan",15339,"101532022-12-112022-12-142022-12-149821"
10177,"2022-12-14","Maslinda Store","Jakarta Pusat",17037,"101772022-12-112022-12-142022-12-141279"
10188,"2022-12-14","K2 Official Store","Jakarta Selatan",17216,"101882022-12-122022-12-142022-12-143342"
10195,"2022-12-14","Glodok Shop Elektronik","Kota Bandung",16297,"101952022-12-132022-12-142022-12-141171"
10229,"2022-12-14","play with kiddos","Jakarta Barat",15246,"102292022-12-112022-12-142022-12-1414113"
10382,"2022-12-14","Online Kios","Jakarta Pusat",17167,"103822022-12-132022-12-142022-12-144168"
10456,"2022-12-14","Inteco Official Shop","Kota Denpasar",15743,"104562022-12-132022-12-142022-12-141637"
10492,"2022-12-14","inimurah shop","Kota Solo",17056,"104922022-12-132022-12-142022-12-149276"
10516,"2022-12-14","officeXpres","Jakarta Pusat",16450,"105162022-12-112022-12-142022-12-143596"
10531,"2022-12-14","Lavios","Kota Pasuruan",16975,"105312022-12-112022-12-142022-12-147428"
10536,"2022-12-14","AINUN17 SHOP","Kota Bandung",17151,"105362022-12-122022-12-142022-12-141172"
10550,"2022-12-14","Aerostreet","Jakarta Barat",15719,"105502022-12-112022-12-142022-12-1478120"
10993,"2022-12-14","AINUN17 SHOP","Kota Bandung",17151,"109932022-12-132022-12-142022-12-141172"
11102,"2022-12-14","SANSAN_TOOLS","Jakarta Pusat",16516,"111022022-12-122022-12-142022-12-144151"
11104,"2022-12-14","Blueprint Indonesia","Kota Bandung",16319,"111042022-12-122022-12-142022-12-1425108"
11110,"2022-12-14","DENPOO OFFICIAL STORE","Jakarta Selatan",16697,"111102022-12-122022-12-142022-12-147439"
11112,"2022-12-14","Hi-Cook Official","Jakarta Selatan",16702,"111122022-12-122022-12-142022-12-148935"
11124,"2022-12-14","Belanja Elektronik","Jakarta Barat",15683,"111242022-12-122022-12-142022-12-141238"
11125,"2022-12-14","Baseus Official Store","Jakarta Pusat",16429,"111252022-12-122022-12-142022-12-146265"
11130,"2022-12-14","Maxim Official Store","Jakarta Selatan",15951,"111302022-12-122022-12-142022-12-145333"
11133,"2022-12-14","T & W","Jakarta Pusat",16675,"111332022-12-122022-12-142022-12-147653"
11142,"2022-12-14","MAP.Store","Jakarta Pusat",16339,"111422022-12-122022-12-142022-12-141149"
11161,"2022-12-14","Belanja Elektronik","Jakarta Barat",15683,"111612022-12-122022-12-142022-12-14508"
11166,"2022-12-14","Livehaf Official","Sumatera Utara",16421,"111662022-12-122022-12-142022-12-14100123"
9787,"2022-12-15","Maxim Official Store","Jakarta Selatan",15951,"97872022-12-142022-12-152022-12-15133"
10084,"2022-12-15","play with kiddos","Jakarta Barat",15246,"100842022-12-132022-12-152022-12-150113"
11019,"2022-12-15","Freestyle-Official","Jakarta Barat",16577,"110192022-12-142022-12-152022-12-15105119"
11120,"2022-12-15","Deli office automative","Kota Bandung",17147,"111202022-12-122022-12-152022-12-157464"
10937,"2022-12-15","Livehaf Official","Sumatera Utara",16421,"109372022-12-122022-12-152022-12-1569123"
10348,"2022-12-15","Raja Stationery","Sumatera Utara",17130,"103482022-12-142022-12-152022-12-153067"
11119,"2022-12-15","lapak atk","Kota Pasuruan",16072,"111192022-12-122022-12-152022-12-153892"
10275,"2022-12-15","PT Harmoni Danatek Solusindo","Jakarta Pusat",16817,"102752022-12-142022-12-152022-12-1510157"
9870,"2022-12-15","Kiswara.co.id-Surabaya","Jakarta Pusat",16526,"98702022-12-132022-12-152022-12-1517104"
10352,"2022-12-15","MAP.Store","Jakarta Pusat",16339,"103522022-12-122022-12-152022-12-15449"
11117,"2022-12-15","Agenjaketbandung","Jakarta Selatan",16710,"111172022-12-122022-12-152022-12-15102125"
9762,"2022-12-15","X-Urband Official","Jakarta Selatan",15432,"97622022-12-142022-12-152022-12-15105124"
11034,"2022-12-15","Lalulaku","Jakarta Barat",16456,"110342022-12-122022-12-152022-12-1596"
11145,"2022-12-15","SORU Indonesia","Kota Bandung",16263,"111452022-12-122022-12-152022-12-15813"
11100,"2022-12-15","Setia Mandiri Elektronik","Jakarta Selatan",15744,"111002022-12-122022-12-152022-12-158441"
11115,"2022-12-15","inimurah shop","Kota Solo",17056,"111152022-12-122022-12-152022-12-159376"
11155,"2022-12-15","Belanja Elektronik","Jakarta Barat",15683,"111552022-12-122022-12-152022-12-15508"
10736,"2022-12-15","Lancar Jaya Store","Jakarta Pusat",17010,"107362022-12-142022-12-152022-12-158078"
10181,"2022-12-15","PINZY Official Store","Kota Bandung",16576,"101812022-12-122022-12-152022-12-157711"
11053,"2022-12-15","Deli Stationery","Kota Sorong",17104,"110532022-12-132022-12-152022-12-158756"
10698,"2022-12-15","Aerostreet","Jakarta Barat",15719,"106982022-12-122022-12-152022-12-1576120"
9887,"2022-12-15","Belanja Elektronik","Jakarta Barat",15683,"98872022-12-142022-12-152022-12-151258"
10973,"2022-12-15","Maxim Official Store","Jakarta Selatan",15951,"109732022-12-132022-12-152022-12-152833"
10862,"2022-12-15","SORU Indonesia","Kota Bandung",16263,"108622022-12-122022-12-152022-12-15883"
10833,"2022-12-15","TOKO BESI TIMUR JAYA","Kota Pasuruan",16529,"108332022-12-142022-12-152022-12-151217"
10999,"2022-12-15","Aerostreet","Jakarta Barat",15719,"109992022-12-132022-12-152022-12-1520120"
10187,"2022-12-15","Gardha Komputer","Jakarta Selatan",16820,"101872022-12-142022-12-152022-12-159885"
9725,"2022-12-15","Aksesmandiri.ID","Kota Solo",15213,"97252022-12-142022-12-152022-12-158677"
10097,"2022-12-15","TOKO BESI TIMUR JAYA","Kota Pasuruan",16529,"100972022-12-122022-12-152022-12-151617"
10864,"2022-12-15","BioCloud Absensi Online","Jakarta Pusat",16366,"108642022-12-132022-12-152022-12-15889"
10503,"2022-12-16","SUN INDONESIA","Jakarta Selatan",17100,"105032022-12-132022-12-162022-12-162483"
10914,"2022-12-16","Online Kios","Jakarta Pusat",17167,"109142022-12-132022-12-162022-12-16368"
9786,"2022-12-16","X-Urband Official","Jakarta Selatan",15432,"97862022-12-152022-12-162022-12-1631124"
10881,"2022-12-16","Belanja Elektronik","Jakarta Barat",15683,"108812022-12-142022-12-162022-12-16188"
9769,"2022-12-16","Zazah Queen","Jakarta Selatan",15536,"97692022-12-142022-12-162022-12-16027"
9767,"2022-12-16","Water.Online.Shop","Jakarta Pusat",15391,"97672022-12-152022-12-162022-12-162055"
10147,"2022-12-16","House of Smith Official","Jakarta Barat",17273,"101472022-12-132022-12-162022-12-1650118"
10667,"2022-12-16","play with kiddos","Jakarta Barat",15246,"106672022-12-152022-12-162022-12-1619113"
9908,"2022-12-16","Deli Stationery","Kota Sorong",17104,"99082022-12-142022-12-162022-12-162656"
10320,"2022-12-16","snapy","Sumatera Utara",15313,"103202022-12-152022-12-162022-12-164581"
10170,"2022-12-16","lbagstore","Jakarta Utara",16147,"101702022-12-152022-12-162022-12-1611210"
9944,"2022-12-16","DUNIA COMPUTER & SERVICE","Jakarta Pusat",16610,"99442022-12-142022-12-162022-12-169993"
10579,"2022-12-16","Tissor Official","Jakarta Pusat",15190,"105792022-12-142022-12-162022-12-16562"
9709,"2022-12-16","Freestyle-Official","Jakarta Barat",16577,"97092022-12-142022-12-162022-12-1630119"
9994,"2022-12-16","Nazava Water Filters","Jakarta Selatan",15508,"99942022-12-132022-12-162022-12-1612732"
10198,"2022-12-16","Global Bangunan sukses","Jakarta Pusat",16487,"101982022-12-152022-12-162022-12-164848"
10515,"2022-12-16","Lalulaku","Jakarta Barat",16456,"105152022-12-142022-12-162022-12-16686"
10021,"2022-12-16","Deli Stationery","Kota Sorong",17104,"100212022-12-152022-12-162022-12-162156"
11046,"2022-12-16","Aerostreet","Jakarta Barat",15719,"110462022-12-132022-12-162022-12-16108120"
10031,"2022-12-16","PANDA RETAIL SOLUTIONS","Jakarta Pusat",16393,"100312022-12-132022-12-162022-12-164860"
10793,"2022-12-17","Electron","Jakarta Pusat",15353,"107932022-12-162022-12-172022-12-173973"
10892,"2022-12-17","Indah Jaya Tools","Jakarta Selatan",15636,"108922022-12-152022-12-172022-12-17020"
10159,"2022-12-17","Livehaf Official","Sumatera Utara",16421,"101592022-12-152022-12-172022-12-17127123"
10156,"2022-12-17","Wakata Living","Kota Solo",17087,"101562022-12-142022-12-172022-12-171054"
10385,"2022-12-17","Everlasting Gift","Jakarta Pusat",16110,"103852022-12-152022-12-172022-12-173691"
11061,"2022-12-17","officeXpres","Jakarta Pusat",16450,"110612022-12-152022-12-172022-12-1710396"
10063,"2022-12-17","play with kiddos","Jakarta Barat",15246,"100632022-12-142022-12-172022-12-1738113"
10049,"2022-12-17","Hi-Cook Official","Jakarta Selatan",16702,"100492022-12-152022-12-172022-12-174935"
10277,"2022-12-17","BioCloud Absensi Online","Jakarta Pusat",16366,"102772022-12-162022-12-172022-12-173889"
10474,"2022-12-17","MR12 Office","Jakarta Pusat",15415,"104742022-12-142022-12-172022-12-1792103"
9963,"2022-12-17","Lalulaku","Jakarta Barat",16456,"99632022-12-152022-12-172022-12-17316"
9724,"2022-12-17","play with kiddos","Jakarta Barat",15246,"97242022-12-152022-12-172022-12-1765113"
9945,"2022-12-17","Deli Stationery","Kota Sorong",17104,"99452022-12-142022-12-172022-12-174756"
10652,"2022-12-17","SORU Indonesia","Kota Bandung",16263,"106522022-12-142022-12-172022-12-17303"
9904,"2022-12-17","ChinaTown","Jakarta Selatan",15258,"99042022-12-162022-12-172022-12-174938"
9747,"2022-12-17","Lsean","Kota Pasuruan",17038,"97472022-12-152022-12-172022-12-1712634"
10934,"2022-12-17","Lancar Jaya Store","Jakarta Pusat",17010,"109342022-12-162022-12-172022-12-176678"
10923,"2022-12-17","Goto Living","Jakarta Selatan",16045,"109232022-12-142022-12-172022-12-1711836"
9855,"2022-12-17","SORU Indonesia","Kota Bandung",16263,"98552022-12-152022-12-172022-12-17923"
10812,"2022-12-17","KremlinOfficial","Jakarta Selatan",16882,"108122022-12-162022-12-172022-12-1790122"
10814,"2022-12-17","Saku Official","Jakarta Pusat",17067,"108142022-12-162022-12-172022-12-17111110"
10851,"2022-12-17","Nazava Water Filters","Jakarta Selatan",15508,"108512022-12-152022-12-172022-12-174732"
10854,"2022-12-17","happymartonline","Sumatera Utara",16555,"108542022-12-162022-12-172022-12-17929"
10545,"2022-12-18","Raja Stationery","Sumatera Utara",17130,"105452022-12-172022-12-182022-12-183067"
10850,"2022-12-18","aldiano22 shop","Jakarta Pusat",16239,"108502022-12-172022-12-182022-12-183388"
10278,"2022-12-18","K2 Official Store","Jakarta Selatan",17216,"102782022-12-152022-12-182022-12-1810442"
10354,"2022-12-18","Deli office automative","Kota Bandung",17147,"103542022-12-152022-12-182022-12-18564"
10454,"2022-12-18","House of Smith Official","Jakarta Barat",17273,"104542022-12-162022-12-182022-12-1879118"
9867,"2022-12-18","AppShoppe","Kota Pasuruan",15430,"98672022-12-152022-12-182022-12-1811790"
10175,"2022-12-18","UTAMA_ELECTRONIC","Jakarta Utara",15394,"101752022-12-162022-12-182022-12-18312"
10423,"2022-12-18","KremlinOfficial","Jakarta Selatan",16882,"104232022-12-172022-12-182022-12-1831122"
10905,"2022-12-18","Rumix","Jakarta Pusat",17224,"109052022-12-162022-12-182022-12-181363"
10668,"2022-12-18","play with kiddos","Jakarta Barat",15246,"106682022-12-152022-12-182022-12-1893113"
10645,"2022-12-18","VQ TECHNOLOGY","Jakarta Pusat",15476,"106452022-12-172022-12-182022-12-183761"
11091,"2022-12-18","Satu Elektronik","Kota Bandung",16999,"110912022-12-172022-12-182022-12-181525"
10073,"2022-12-18","Inteco Official Shop","Kota Denpasar",15743,"100732022-12-152022-12-182022-12-184637"
10828,"2022-12-18","Solusi Fingerprint","Jakarta Pusat",15640,"108282022-12-152022-12-182022-12-182066"
9685,"2022-12-18","TJJ shop","Jakarta Pusat",16035,"96852022-12-162022-12-182022-12-181202"
10038,"2022-12-18","lbagstore","Jakarta Utara",16147,"100382022-12-152022-12-182022-12-187010"
10871,"2022-12-18","sahabatmulya74","Jakarta Pusat",15758,"108712022-12-162022-12-182022-12-18108107"
10802,"2022-12-18","Deli office automative","Kota Bandung",17147,"108022022-12-152022-12-182022-12-184164"
9684,"2022-12-18","Eroc Official Store","Jakarta Pusat",15285,"96842022-12-162022-12-182022-12-186059"
10120,"2022-12-18","Livehaf Official","Sumatera Utara",16421,"101202022-12-152022-12-182022-12-1881123"
10932,"2022-12-18","Eroc Official Store","Jakarta Pusat",15285,"109322022-12-152022-12-182022-12-1810759"
10855,"2022-12-19","SUN INDONESIA","Jakarta Selatan",17100,"108552022-12-182022-12-192022-12-199883"
9722,"2022-12-19","MR12 Office","Jakarta Pusat",15415,"97222022-12-172022-12-192022-12-1936103"
10102,"2022-12-19","Nazava Water Filters","Jakarta Selatan",15508,"101022022-12-172022-12-192022-12-19832"
9960,"2022-12-19","Quantum Home Appliances","Jakarta Selatan",16266,"99602022-12-182022-12-192022-12-198018"
10372,"2022-12-19","play with kiddos","Jakarta Barat",15246,"103722022-12-172022-12-192022-12-1999113"
10560,"2022-12-19","zero plus","Kota Solo",15323,"105602022-12-172022-12-192022-12-192569"
10460,"2022-12-19","Dear Meee","Jakarta Pusat",16250,"104602022-12-162022-12-192022-12-191852"
10430,"2022-12-19","Deli Stationery","Kota Sorong",17104,"104302022-12-172022-12-192022-12-192856"
10096,"2022-12-19","Tissor Official","Jakarta Pusat",15190,"100962022-12-162022-12-192022-12-1910162"
9940,"2022-12-19","Wakata Living","Kota Solo",17087,"99402022-12-162022-12-192022-12-191064"
9848,"2022-12-19","DENPOO OFFICIAL STORE","Jakarta Selatan",16697,"98482022-12-162022-12-192022-12-1911039"
10768,"2022-12-19","Maxim Official Store","Jakarta Selatan",15951,"107682022-12-182022-12-192022-12-199433"
10353,"2022-12-19","Water.Online.Shop","Jakarta Pusat",15391,"103532022-12-162022-12-192022-12-193955"
10948,"2022-12-19","Tissor Official","Jakarta Pusat",15190,"109482022-12-162022-12-192022-12-197462"
10317,"2022-12-19","Raja Stationery","Sumatera Utara",17130,"103172022-12-162022-12-192022-12-1911067"
10116,"2022-12-19","Waroeng Bako Depok","Jakarta Pusat",17061,"101162022-12-172022-12-192022-12-1911101"
9733,"2022-12-19","X-Urband Official","Jakarta Selatan",15432,"97332022-12-162022-12-192022-12-1984124"
10580,"2022-12-20","Tissor Official","Jakarta Pusat",15190,"105802022-12-172022-12-202022-12-206462"
10043,"2022-12-20","MR12 Office","Jakarta Pusat",15415,"100432022-12-172022-12-202022-12-2023103"
11052,"2022-12-20","Electron","Jakarta Pusat",15353,"110522022-12-192022-12-202022-12-2011373"
10032,"2022-12-20","Water.Online.Shop","Jakarta Pusat",15391,"100322022-12-182022-12-202022-12-208655"
10018,"2022-12-20","Armani_collection.","Jakarta Selatan",15151,"100182022-12-192022-12-202022-12-20126121"
10237,"2022-12-20","PINZY Official Store","Kota Bandung",16576,"102372022-12-182022-12-202022-12-204011"
10533,"2022-12-20","CrafTex","Jakarta Barat",17224,"105332022-12-182022-12-202022-12-2048114"
10118,"2022-12-20","happymartonline","Sumatera Utara",16555,"101182022-12-182022-12-202022-12-20789"
9983,"2022-12-20","Maxim Official Store","Jakarta Selatan",15951,"99832022-12-192022-12-202022-12-203733"
10555,"2022-12-20","KoboiTech","Jakarta Pusat",15472,"105552022-12-192022-12-202022-12-2012574"
9966,"2022-12-20","Deli Stationery","Kota Sorong",17104,"99662022-12-192022-12-202022-12-202856"
10575,"2022-12-20","lbagstore","Jakarta Utara",16147,"105752022-12-182022-12-202022-12-201510"
10586,"2022-12-20","Livehaf Official","Sumatera Utara",16421,"105862022-12-172022-12-202022-12-2019123"
10589,"2022-12-20","Oxihom","Jakarta Utara",16276,"105892022-12-182022-12-202022-12-2010015"
10600,"2022-12-20","Baseus Official Store","Jakarta Pusat",16429,"106002022-12-182022-12-202022-12-203465"
10636,"2022-12-20","KremlinOfficial","Jakarta Selatan",16882,"106362022-12-192022-12-202022-12-2096122"
10639,"2022-12-20","Deli office automative","Kota Bandung",17147,"106392022-12-192022-12-202022-12-208964"
9917,"2022-12-20","X-Urband Official","Jakarta Selatan",15432,"99172022-12-172022-12-202022-12-2067124"
10657,"2022-12-20","play with kiddos","Jakarta Barat",15246,"106572022-12-172022-12-202022-12-2056113"
9743,"2022-12-20","PANDA RETAIL SOLUTIONS","Jakarta Pusat",16393,"97432022-12-182022-12-202022-12-204960"
10661,"2022-12-20","Zazah Queen","Jakarta Selatan",15536,"106612022-12-182022-12-202022-12-2012527"
10166,"2022-12-20","MAP.Store","Jakarta Pusat",16339,"101662022-12-192022-12-202022-12-207349"
10972,"2022-12-20","Satu Elektronik","Kota Bandung",16999,"109722022-12-192022-12-202022-12-2011525"
10307,"2022-12-20","Razient","Jakarta Barat",17159,"103072022-12-192022-12-202022-12-2083112"
10152,"2022-12-20","aldiano22 shop","Jakarta Pusat",16239,"101522022-12-172022-12-202022-12-206588"
10778,"2022-12-20","Toko Armada Satu","Kota Pasuruan",16687,"107782022-12-182022-12-202022-12-205127"
9770,"2022-12-20","T & W","Jakarta Pusat",16675,"97702022-12-172022-12-202022-12-2011353"
10417,"2022-12-20","Maxim Official Store","Jakarta Selatan",15951,"104172022-12-182022-12-202022-12-202933"
9654,"2022-12-20","play with kiddos","Jakarta Barat",15246,"96542022-12-172022-12-202022-12-2029113"
9851,"2022-12-20","Tunas Jaya Indotama","Kota Pasuruan",15419,"98512022-12-192022-12-202022-12-20103111"
10766,"2022-12-21","Quantum Home Appliances","Jakarta Selatan",16266,"107662022-12-202022-12-212022-12-214818"
9996,"2022-12-21","Grosir Kitchenware","Kota Pasuruan",16899,"99962022-12-192022-12-212022-12-214631"
11031,"2022-12-21","SANSAN_TOOLS","Jakarta Pusat",16516,"110312022-12-192022-12-212022-12-212551"
10369,"2022-12-21","Gardha Komputer","Jakarta Selatan",16820,"103692022-12-202022-12-212022-12-2110285"
10603,"2022-12-21","Nazava Water Filters","Jakarta Selatan",15508,"106032022-12-182022-12-212022-12-218832"
11021,"2022-12-21","Tunas Jaya Indotama","Kota Pasuruan",15419,"110212022-12-192022-12-212022-12-2176111"
10349,"2022-12-21","YLV Smart Home","Jakarta Pusat",16563,"103492022-12-202022-12-212022-12-217395"
10040,"2022-12-21","FZR3","Jakarta Barat",15841,"100402022-12-202022-12-212022-12-2123116"
10173,"2022-12-21","X-Urband Official","Jakarta Selatan",15432,"101732022-12-192022-12-212022-12-2172124"
9992,"2022-12-21","Deli Stationery","Kota Sorong",17104,"99922022-12-182022-12-212022-12-211456"
10541,"2022-12-21","PINZY Official Store","Kota Bandung",16576,"105412022-12-192022-12-212022-12-218111"
10921,"2022-12-21","SORU Indonesia","Kota Bandung",16263,"109212022-12-202022-12-212022-12-211213"
9890,"2022-12-21","DPRINCE","Jakarta Selatan",16483,"98902022-12-192022-12-212022-12-217422"
9830,"2022-12-21","sePixel","Jakarta Barat",16966,"98302022-12-182022-12-212022-12-2164109"
10360,"2022-12-21","vesper","Jakarta Selatan",15339,"103602022-12-202022-12-212022-12-213721"
10852,"2022-12-21","Grosir Kitchenware","Kota Pasuruan",16899,"108522022-12-202022-12-212022-12-211631"
9971,"2022-12-21","Global Bangunan sukses","Jakarta Pusat",16487,"99712022-12-202022-12-212022-12-212948"
9974,"2022-12-21","Fatahillah_Mall","Jakarta Pusat",16116,"99742022-12-182022-12-212022-12-217146"
10529,"2022-12-21","Lancar Jaya Store","Jakarta Pusat",17010,"105292022-12-182022-12-212022-12-211378"
9872,"2022-12-22","AUTOVENTI Official Store","Jakarta Pusat",15274,"98722022-12-202022-12-222022-12-2278105"
10447,"2022-12-22","ZenLiving","Kota Bandung",16858,"104472022-12-192022-12-222022-12-2211244"
10785,"2022-12-22","House of Smith Official","Jakarta Barat",17273,"107852022-12-202022-12-222022-12-2269118"
10507,"2022-12-22","GrafikaKita - Tech Official Jakarta","Jakarta Pusat",16277,"105072022-12-212022-12-222022-12-221487"
9773,"2022-12-22","DBR Premium","Jakarta Pusat",15959,"97732022-12-212022-12-222022-12-2291100"
10218,"2022-12-22","Tissor Official","Jakarta Pusat",15190,"102182022-12-202022-12-222022-12-221062"
10989,"2022-12-22","Aerostreet","Jakarta Barat",15719,"109892022-12-192022-12-222022-12-2296120"
10104,"2022-12-22","Deli Stationery","Kota Sorong",17104,"101042022-12-202022-12-222022-12-225856"
9850,"2022-12-22","Health&Beauty Solution","Jakarta Selatan",16965,"98502022-12-192022-12-222022-12-229686"
10528,"2022-12-22","Sanjaya Stationary","Jakarta Pusat",16677,"105282022-12-212022-12-222022-12-2211106"
10593,"2022-12-22","Maslinda Store","Jakarta Pusat",17037,"105932022-12-202022-12-222022-12-226279"
9782,"2022-12-22","Deli Stationery","Kota Sorong",17104,"97822022-12-192022-12-222022-12-229256"
10687,"2022-12-22","zero plus","Kota Solo",15323,"106872022-12-202022-12-222022-12-228869"
10125,"2022-12-22","UTAMA_ELECTRONIC","Jakarta Utara",15394,"101252022-12-212022-12-222022-12-223112"
10722,"2022-12-22","Lalulaku","Jakarta Barat",16456,"107222022-12-202022-12-222022-12-2276"
10249,"2022-12-22","House of Smith Official","Jakarta Barat",17273,"102492022-12-202022-12-222022-12-2246118"
9954,"2022-12-22","X-Urband Official","Jakarta Selatan",15432,"99542022-12-192022-12-222022-12-2254124"
10350,"2022-12-22","UTAMA_ELECTRONIC","Jakarta Utara",15394,"103502022-12-212022-12-222022-12-2211812"
10574,"2022-12-22","Deli office automative","Kota Bandung",17147,"105742022-12-192022-12-222022-12-222764"
9999,"2022-12-22","PINZY Official Store","Kota Bandung",16576,"99992022-12-212022-12-222022-12-2211111"
10895,"2022-12-23","X-Urband Official","Jakarta Selatan",15432,"108952022-12-222022-12-232022-12-23125124"
10959,"2022-12-23","AINUN17 SHOP","Kota Bandung",17151,"109592022-12-202022-12-232022-12-238472"
10752,"2022-12-23","Raja Stationery","Sumatera Utara",17130,"107522022-12-222022-12-232022-12-237767"
10561,"2022-12-23","Deli office automative","Kota Bandung",17147,"105612022-12-222022-12-232022-12-235064"
10295,"2022-12-23","Deli office automative","Kota Bandung",17147,"102952022-12-222022-12-232022-12-2312264"
10098,"2022-12-23","FZR3","Jakarta Barat",15841,"100982022-12-202022-12-232022-12-23118116"
10212,"2022-12-23","Belanja Elektronik","Jakarta Barat",15683,"102122022-12-212022-12-232022-12-23788"
9981,"2022-12-23","SEDANA AMERTA","Jakarta Pusat",17209,"99812022-12-222022-12-232022-12-234558"
10316,"2022-12-23","PANDA RETAIL SOLUTIONS","Jakarta Pusat",16393,"103162022-12-222022-12-232022-12-238060"
9777,"2022-12-23","UTAMA_ELECTRONIC","Jakarta Utara",15394,"97772022-12-222022-12-232022-12-2311912"
11074,"2022-12-23","Starco Official Store","Jakarta Barat",16325,"110742022-12-212022-12-232022-12-23317"
10588,"2022-12-23","Satu Elektronik","Kota Bandung",16999,"105882022-12-212022-12-232022-12-232825"
9950,"2022-12-23","Graha Printing","Jakarta Selatan",16647,"99502022-12-202022-12-232022-12-237182"
10191,"2022-12-23","Proffe coffee","Jakarta Selatan",16145,"101912022-12-212022-12-232022-12-2312543"
10434,"2022-12-24","Global Bangunan sukses","Jakarta Pusat",16487,"104342022-12-212022-12-242022-12-246148"
10124,"2022-12-24","Putra Jaya 88","Jakarta Utara",15174,"101242022-12-232022-12-242022-12-247313"
9943,"2022-12-24","Raja Stationery","Sumatera Utara",17130,"99432022-12-232022-12-242022-12-247767"
11011,"2022-12-24","Aerostreet","Jakarta Barat",15719,"110112022-12-212022-12-242022-12-2446120"
10630,"2022-12-24","Deli office automative","Kota Bandung",17147,"106302022-12-232022-12-242022-12-249664"
10535,"2022-12-24","snapy","Sumatera Utara",15313,"105352022-12-222022-12-242022-12-2411581"
10094,"2022-12-24","DELTONS Official Store","Jakarta Pusat",17050,"100942022-12-212022-12-242022-12-2412594"
10478,"2022-12-24","Lalulaku","Jakarta Barat",16456,"104782022-12-212022-12-242022-12-24866"
10312,"2022-12-24","play with kiddos","Jakarta Barat",15246,"103122022-12-232022-12-242022-12-2459113"
9900,"2022-12-24","Setia Mandiri Elektronik","Jakarta Selatan",15744,"99002022-12-232022-12-242022-12-2412141"
10246,"2022-12-24","inimurah shop","Kota Solo",17056,"102462022-12-222022-12-242022-12-246776"
10384,"2022-12-24","SORU Indonesia","Kota Bandung",16263,"103842022-12-222022-12-242022-12-241193"
10148,"2022-12-24","Lalulaku","Jakarta Barat",16456,"101482022-12-212022-12-242022-12-24906"
9708,"2022-12-24","House of Smith Official","Jakarta Barat",17273,"97082022-12-222022-12-242022-12-2418118"
9865,"2022-12-24","X-Urband Official","Jakarta Selatan",15432,"98652022-12-212022-12-242022-12-2419124"
9798,"2022-12-24","lbagstore","Jakarta Utara",16147,"97982022-12-222022-12-242022-12-249210"
9818,"2022-12-24","DELTONS Official Store","Jakarta Pusat",17050,"98182022-12-222022-12-242022-12-242294"
9972,"2022-12-24","Saku Official","Jakarta Pusat",17067,"99722022-12-232022-12-242022-12-2481110"
9713,"2022-12-24","Multi jaya 31","Jakarta Selatan",17233,"97132022-12-232022-12-242022-12-249330"
10577,"2022-12-24","Deli Stationery","Kota Sorong",17104,"105772022-12-232022-12-242022-12-246156"
10395,"2022-12-24","VICTORY FILTER16","Sumatera Utara",15934,"103952022-12-222022-12-242022-12-24921"
10979,"2022-12-25","TJJ shop","Jakarta Pusat",16035,"109792022-12-222022-12-252022-12-251202"
10163,"2022-12-25","Deli Stationery","Kota Sorong",17104,"101632022-12-242022-12-252022-12-254256"
10939,"2022-12-25","erjucom","Jakarta Utara",16681,"109392022-12-242022-12-252022-12-2510914"
10916,"2022-12-25","JOYKO Official","Jakarta Pusat",17176,"109162022-12-232022-12-252022-12-25899"
10625,"2022-12-25","Deli office automative","Kota Bandung",17147,"106252022-12-222022-12-252022-12-257964"
10621,"2022-12-25","lbagstore","Jakarta Utara",16147,"106212022-12-232022-12-252022-12-257610"
9756,"2022-12-25","TOKO BESI TIMUR JAYA","Kota Pasuruan",16529,"97562022-12-242022-12-252022-12-25917"
9878,"2022-12-25","X-Urband Official","Jakarta Selatan",15432,"98782022-12-242022-12-252022-12-2577124"
9881,"2022-12-25","Lalulaku","Jakarta Barat",16456,"98812022-12-242022-12-252022-12-251176"
10692,"2022-12-25","Deli office automative","Kota Bandung",17147,"106922022-12-232022-12-252022-12-257564"
10141,"2022-12-25","Graha Printing","Jakarta Selatan",16647,"101412022-12-222022-12-252022-12-253082"
9860,"2022-12-25","VICTORY FILTER16","Sumatera Utara",15934,"98602022-12-242022-12-252022-12-25551"
10462,"2022-12-25","Deli office automative","Kota Bandung",17147,"104622022-12-232022-12-252022-12-2511464"
10911,"2022-12-25","Aerostreet","Jakarta Barat",15719,"109112022-12-222022-12-252022-12-2546120"
10908,"2022-12-25","X-Urband Official","Jakarta Selatan",15432,"109082022-12-242022-12-252022-12-25118124"
9965,"2022-12-25","Deli Stationery","Kota Sorong",17104,"99652022-12-242022-12-252022-12-25756"
9703,"2022-12-26","DBR Premium","Jakarta Pusat",15959,"97032022-12-252022-12-262022-12-2686100"
10270,"2022-12-26","Rumix","Jakarta Pusat",17224,"102702022-12-242022-12-262022-12-268363"
10276,"2022-12-26","Lalulaku","Jakarta Barat",16456,"102762022-12-232022-12-262022-12-26166"
10151,"2022-12-26","lapak atk","Kota Pasuruan",16072,"101512022-12-252022-12-262022-12-266492"
10324,"2022-12-26","Agenjaketbandung","Jakarta Selatan",16710,"103242022-12-242022-12-262022-12-2644125"
10470,"2022-12-26","Graha Printing","Jakarta Selatan",16647,"104702022-12-252022-12-262022-12-261082"
9976,"2022-12-26","PANDA RETAIL SOLUTIONS","Jakarta Pusat",16393,"99762022-12-252022-12-262022-12-268360"
10673,"2022-12-26","Zazah Queen","Jakarta Selatan",15536,"106732022-12-232022-12-262022-12-261827"
10749,"2022-12-26","GrafikaKita - Tech Official Jakarta","Jakarta Pusat",16277,"107492022-12-232022-12-262022-12-263487"
9778,"2022-12-26","X-Urband Official","Jakarta Selatan",15432,"97782022-12-252022-12-262022-12-2640124"
10982,"2022-12-26","Blueprint Indonesia","Kota Bandung",16319,"109822022-12-232022-12-262022-12-2645108"
10988,"2022-12-26","X-Urband Official","Jakarta Selatan",15432,"109882022-12-242022-12-262022-12-2645124"
11027,"2022-12-26","HNA-houseware","Jakarta Pusat",15341,"110272022-12-232022-12-262022-12-265950"
9683,"2022-12-26","MR12 Office","Jakarta Pusat",15415,"96832022-12-252022-12-262022-12-2649103"
9681,"2022-12-26","Raja Stationery","Sumatera Utara",17130,"96812022-12-242022-12-262022-12-2610167"
10234,"2022-12-26","Wakata Living","Kota Solo",17087,"102342022-12-242022-12-262022-12-26744"
9929,"2022-12-27","erjucom","Jakarta Utara",16681,"99292022-12-262022-12-272022-12-279814"
10746,"2022-12-27","vesper","Jakarta Selatan",15339,"107462022-12-242022-12-272022-12-2712421"
10178,"2022-12-27","X-Urband Official","Jakarta Selatan",15432,"101782022-12-252022-12-272022-12-2722124"
10682,"2022-12-27","lapak atk","Kota Pasuruan",16072,"106822022-12-252022-12-272022-12-272792"
10105,"2022-12-27","SORU Indonesia","Kota Bandung",16263,"101052022-12-252022-12-272022-12-27333"
11098,"2022-12-27","DENPOO OFFICIAL STORE","Jakarta Selatan",16697,"110982022-12-252022-12-272022-12-272839"
10168,"2022-12-27","Citra Selaras Supliyer","Kota Pasuruan",16049,"101682022-12-262022-12-272022-12-279397"
11069,"2022-12-27","Belanja Elektronik","Jakarta Barat",15683,"110692022-12-242022-12-272022-12-27258"
10797,"2022-12-27","Meliyana","Kota Bandung",16993,"107972022-12-242022-12-272022-12-278340"
10457,"2022-12-27","play with kiddos","Jakarta Barat",15246,"104572022-12-252022-12-272022-12-2724113"
10475,"2022-12-27","play with kiddos","Jakarta Barat",15246,"104752022-12-242022-12-272022-12-2713113"
10110,"2022-12-27","SARANG ACC shop","Jakarta Pusat",16825,"101102022-12-252022-12-272022-12-2710670"
10014,"2022-12-27","TOKO BESI TIMUR JAYA","Kota Pasuruan",16529,"100142022-12-262022-12-272022-12-27517"
10512,"2022-12-27","Toko Armada Satu","Kota Pasuruan",16687,"105122022-12-252022-12-272022-12-2720127"
10361,"2022-12-27","erjucom","Jakarta Utara",16681,"103612022-12-262022-12-272022-12-27514"
10760,"2022-12-27","SORU Indonesia","Kota Bandung",16263,"107602022-12-242022-12-272022-12-271103"
9980,"2022-12-27","Livehaf Official","Sumatera Utara",16421,"99802022-12-252022-12-272022-12-2741123"
10843,"2022-12-28","Tunas Jaya Indotama","Kota Pasuruan",15419,"108432022-12-272022-12-282022-12-2831111"
9836,"2022-12-28","VQ TECHNOLOGY","Jakarta Pusat",15476,"98362022-12-262022-12-282022-12-289161"
10788,"2022-12-28","KremlinOfficial","Jakarta Selatan",16882,"107882022-12-272022-12-282022-12-28119122"
10765,"2022-12-28","Quantum Home Appliances","Jakarta Selatan",16266,"107652022-12-272022-12-282022-12-2812018"
9906,"2022-12-28","X-Urband Official","Jakarta Selatan",15432,"99062022-12-272022-12-282022-12-28123124"
10634,"2022-12-28","Livehaf Official","Sumatera Utara",16421,"106342022-12-252022-12-282022-12-2847123"
9930,"2022-12-28","Raja Stationery","Sumatera Utara",17130,"99302022-12-252022-12-282022-12-285767"
9957,"2022-12-28","Solusi Fingerprint","Jakarta Pusat",15640,"99572022-12-252022-12-282022-12-2811066"
10534,"2022-12-28","Livehaf Official","Sumatera Utara",16421,"105342022-12-252022-12-282022-12-2871123"
11035,"2022-12-28","DENPOO OFFICIAL STORE","Jakarta Selatan",16697,"110352022-12-262022-12-282022-12-2810739"
11096,"2022-12-28","Lalulaku","Jakarta Barat",16456,"110962022-12-252022-12-282022-12-28496"
10217,"2022-12-28","Lancar Jaya Store","Jakarta Pusat",17010,"102172022-12-272022-12-282022-12-289778"
10169,"2022-12-28","TOKO BESI TIMUR JAYA","Kota Pasuruan",16529,"101692022-12-272022-12-282022-12-284017"
9814,"2022-12-28","aldiano22 shop","Jakarta Pusat",16239,"98142022-12-272022-12-282022-12-281988"
9816,"2022-12-28","Fath Knite","Jakarta Barat",15906,"98162022-12-252022-12-282022-12-2893115"
10848,"2022-12-28","VQ TECHNOLOGY","Jakarta Pusat",15476,"108482022-12-272022-12-282022-12-282461"
11080,"2022-12-29","EzzyMart JAKARTA","Jakarta Selatan",17260,"110802022-12-262022-12-292022-12-294545"
9749,"2022-12-29","Belanja Elektronik","Jakarta Barat",15683,"97492022-12-282022-12-292022-12-29828"
9864,"2022-12-29","Everlasting Gift","Jakarta Pusat",16110,"98642022-12-272022-12-292022-12-29691"
10134,"2022-12-29","Deli office automative","Kota Bandung",17147,"101342022-12-272022-12-292022-12-297464"
11048,"2022-12-29","lbagstore","Jakarta Utara",16147,"110482022-12-272022-12-292022-12-292110"
10076,"2022-12-29","Armani_collection.","Jakarta Selatan",15151,"100762022-12-272022-12-292022-12-2932121"
9662,"2022-12-29","Dear Meee","Jakarta Pusat",16250,"96622022-12-272022-12-292022-12-2911752"
9915,"2022-12-29","VICTORY FILTER16","Sumatera Utara",15934,"99152022-12-282022-12-292022-12-29631"
10311,"2022-12-29","GrafikaKita - Tech Official Jakarta","Jakarta Pusat",16277,"103112022-12-282022-12-292022-12-295287"
10143,"2022-12-29","play with kiddos","Jakarta Barat",15246,"101432022-12-272022-12-292022-12-291113"
10946,"2022-12-29","Belanja Elektronik","Jakarta Barat",15683,"109462022-12-262022-12-292022-12-29858"
10860,"2022-12-29","DPRINCE","Jakarta Selatan",16483,"108602022-12-262022-12-292022-12-292222"
10306,"2022-12-29","Proffe coffee","Jakarta Selatan",16145,"103062022-12-262022-12-292022-12-29843"
9845,"2022-12-29","Blueprint Indonesia","Kota Bandung",16319,"98452022-12-282022-12-292022-12-2965108"
10263,"2022-12-29","Hs stationary and fancy","Kota Solo",15318,"102632022-12-282022-12-292022-12-292780"
10302,"2022-12-29","Putra Jaya 88","Jakarta Utara",15174,"103022022-12-262022-12-292022-12-292413"
9790,"2022-12-29","Putra Jaya 88","Jakarta Utara",15174,"97902022-12-282022-12-292022-12-293313"
9663,"2022-12-30","lapak atk","Kota Pasuruan",16072,"96632022-12-282022-12-302022-12-303892"
9953,"2022-12-30","PINZY Official Store","Kota Bandung",16576,"99532022-12-282022-12-302022-12-305411"
10747,"2022-12-30","Lalulaku","Jakarta Barat",16456,"107472022-12-272022-12-302022-12-30116"
10784,"2022-12-30","Maslinda Store","Jakarta Pusat",17037,"107842022-12-282022-12-302022-12-3011679"
10494,"2022-12-30","MR12 Office","Jakarta Pusat",15415,"104942022-12-282022-12-302022-12-3021103"
10487,"2022-12-30","SUN INDONESIA","Jakarta Selatan",17100,"104872022-12-282022-12-302022-12-30683"
10794,"2022-12-30","Gardha Komputer","Jakarta Selatan",16820,"107942022-12-282022-12-302022-12-3012285"
10795,"2022-12-30","play with kiddos","Jakarta Barat",15246,"107952022-12-282022-12-302022-12-30103113"
10436,"2022-12-30","Solusi Fingerprint","Jakarta Pusat",15640,"104362022-12-282022-12-302022-12-303866"
10819,"2022-12-30","T & W","Jakarta Pusat",16675,"108192022-12-272022-12-302022-12-3012053"
10821,"2022-12-30","UTAMA_ELECTRONIC","Jakarta Utara",15394,"108212022-12-292022-12-302022-12-306212"
9678,"2022-12-30","Deli Stationery","Kota Sorong",17104,"96782022-12-292022-12-302022-12-307756"
9674,"2022-12-30","PINZY Official Store","Kota Bandung",16576,"96742022-12-282022-12-302022-12-309411"
10206,"2022-12-30","Nazava Water Filters","Jakarta Selatan",15508,"102062022-12-282022-12-302022-12-306932"
10199,"2022-12-30","Livehaf Official","Sumatera Utara",16421,"101992022-12-292022-12-302022-12-30108123"
10846,"2022-12-30","Wakata Living","Kota Solo",17087,"108462022-12-292022-12-302022-12-30494"
10114,"2022-12-30","Setia Mandiri Elektronik","Jakarta Selatan",15744,"101142022-12-292022-12-302022-12-308541"
9883,"2022-12-30","Belanja Elektronik","Jakarta Barat",15683,"98832022-12-282022-12-302022-12-30238"
10737,"2022-12-30","Lalulaku","Jakarta Barat",16456,"107372022-12-272022-12-302022-12-30116"
10643,"2022-12-30","Aerostreet","Jakarta Barat",15719,"106432022-12-282022-12-302022-12-3068120"
10744,"2022-12-30","Putra Jaya 88","Jakarta Utara",15174,"107442022-12-272022-12-302022-12-305213"
9741,"2022-12-30","DUNIA COMPUTER & SERVICE","Jakarta Pusat",16610,"97412022-12-292022-12-302022-12-3011593"
10912,"2022-12-31","happymartonline","Sumatera Utara",16555,"109122022-12-292022-12-312022-12-31879"
10696,"2022-12-31","Deli office automative","Kota Bandung",17147,"106962022-12-282022-12-312022-12-318764"
10776,"2022-12-31","Rumix","Jakarta Pusat",17224,"107762022-12-302022-12-312022-12-3110363"
10284,"2022-12-31","FZR3","Jakarta Barat",15841,"102842022-12-302022-12-312022-12-31114116"
9667,"2022-12-31","Razient","Jakarta Barat",17159,"96672022-12-302022-12-312022-12-3115112"
10119,"2022-12-31","PINZY Official Store","Kota Bandung",16576,"101192022-12-282022-12-312022-12-31111"
10587,"2022-12-31","SORU Indonesia","Kota Bandung",16263,"105872022-12-302022-12-312022-12-31683"
10477,"2022-12-31","PT Harmoni Danatek Solusindo","Jakarta Pusat",16817,"104772022-12-282022-12-312022-12-311357"
11045,"2022-12-31","SORU Indonesia","Kota Bandung",16263,"110452022-12-302022-12-312022-12-31153"
10351,"2022-12-31","X-Urband Official","Jakarta Selatan",15432,"103512022-12-282022-12-312022-12-31113124"
10267,"2022-12-31","Hi-Cook Official","Jakarta Selatan",16702,"102672022-12-282022-12-312022-12-317135"
11081,"2022-12-31","lapak atk","Kota Pasuruan",16072,"110812022-12-282022-12-312022-12-3111792"
11085,"2022-12-31","vesper","Jakarta Selatan",15339,"110852022-12-302022-12-312022-12-314821"
10092,"2022-12-31","GrafikaKita - Tech Official Jakarta","Jakarta Pusat",16277,"100922022-12-292022-12-312022-12-312287"
10511,"2022-12-31","PINZY Official Store","Kota Bandung",16576,"105112022-12-282022-12-312022-12-315211"
9735,"2022-12-31","Gardha Komputer","Jakarta Selatan",16820,"97352022-12-292022-12-312022-12-317785"
10879,"2022-12-31","ES Official Store","Kota Bandung",17064,"108792022-12-282022-12-312022-12-313224"
10633,"2022-12-31","JOYKO Official","Jakarta Pusat",17176,"106332022-12-282022-12-312022-12-317699"
9876,"2022-12-31","AppShoppe","Kota Pasuruan",15430,"98762022-12-282022-12-312022-12-311790"
10404,"2022-12-31","SORU Indonesia","Kota Bandung",16263,"104042022-12-282022-12-312022-12-31903"
10991,"2022-12-31","Kasirco","Jakarta Pusat",16509,"109912022-12-302022-12-312022-12-319875"
